Curva piana,Asintoto,0
Numero complesso,Moltiplicazione,0
Dominio e codominio,Radice quadrata,0
Identità (matematica),Uguaglianza (matematica),1
Matrice quadrata,Matrice elementare,0
Divisione (matematica),Numeri pari e dispari,0
Coefficiente angolare,Equazione lineare,0
Logaritmo naturale,Funzione (matematica),0
Funzione quadratica,Circonferenza,0
Aritmetica,Teorema delle radici razionali,0
Corda (geometria),Geometria,1
Prodotto vettoriale,Aritmetica,1
Eccentricità (matematica),Matematica,1
Composizione di funzioni,Numero reale,0
Insieme chiuso,Insieme,1
Divisione (matematica),Divisione per zero,0
Perpendicolarità,Geometria,1
Notazione scientifica,Potenza (matematica),0
Geometria analitica,Uguaglianza (matematica),1
Funzione trigonometrica,Funzione trigonometrica inversa,0
Sottrazione,Matematica,1
Curva (matematica),Geometria,1
Potenza (matematica),Identità (matematica),0
Numero,Moltiplicazione di matrici,0
Geometria,Cono,0
Numero,Coefficiente binomiale,0
Fuoco (geometria),Retta,0
Addizione,Teorema fondamentale dell'algebra,0
Distanza (matematica),Geometria analitica,0
Insieme chiuso,Intervallo (matematica),0
Matematica,Piano (geometria),0
Geometria,Triangolo rettangolo,0
Decomposizione in fratti semplici,Matematica,1
Formula,Matematica,1
Divisione (matematica),Decomposizione in fratti semplici,0
Corda (geometria),Circonferenza,1
Geometria,Onda sinusoidale,0
Potenza (matematica),Numero complesso,0
Criterio di Cartesio,Numero intero,1
Massimo e minimo di una funzione,Funzione iniettiva,0
Triangolo,Retta,1
Serie,Matematica,1
Aritmetica,Logaritmo,0
Algebra,Segno (matematica),0
Aritmetica,Divisione (matematica),0
Seno (matematica),Trigonometria,1
Matrice,Matrice identità,0
Geometria analitica,Grafico di una funzione,0
Logaritmo,Reciproco,0
Piano (geometria),Piano complesso,0
Matematica,Potenza (matematica),0
Moltiplicazione,Fattorizzazione,0
Funzione (matematica),Funzioni pari e dispari,0
Numero naturale,Geometria,0
Numero negativo,Numero reale,0
Numeri pari e dispari,Notazione scientifica,0
Trigonometria,Onda sinusoidale,0
Matrice,Matrice quadrata,0
Sistema di equazioni lineari,Equazione lineare,1
Matematica,Sistema di coordinate,0
Composizione di funzioni,Matematica,1
Numero complesso,Funzione razionale,0
Numero naturale,Moltiplicazione,0
Numero,Teorema binomiale,0
Commutatività,Unione (insiemistica),0
Reciproco,Aritmetica,1
Numero complesso,Razionalizzazione (matematica),0
Sommatoria,Somma vuota,0
Matrice elementare,Matrice quadrata,1
Insieme aperto,Numero razionale,0
Disuguaglianza,Dominio e codominio,0
Numero complesso,Disuguaglianza,0
Funzione (matematica),Composizione di funzioni,0
Equazione,Sistema di equazioni,0
Funzione trigonometrica inversa,Funzione inversa,1
Razionalizzazione (matematica),Radice quadrata,0
Numero intero,Equazione,0
Angolo retto,Angolo,1
Funzione (matematica),Distanza (matematica),0
Geometria,Progressione geometrica,0
Numeri pari e dispari,Addizione,0
Teorema di Pitagora,Funzione trigonometrica inversa,0
Sistema di riferimento cartesiano,Numero complesso,0
Triangolo rettangolo,Triangolo,1
Logaritmo,Numero reale,0
Sistema di riferimento cartesiano,Sistema di coordinate,1
Lavoro (fisica),Forza,1
Fuoco (geometria),Segmento,0
Fattorizzazione,Moltiplicazione,1
Matematica,Serie,0
Simmetria,Matematica,0
Criterio di Cartesio,Aritmetica,1
Funzione (matematica),Funzione definita a tratti,0
Geometria,Triangolo,0
Ampiezza,Spostamento (cinematica),0
Funzione (matematica),Insieme,0
E (costante matematica),Numero reale,0
Numero naturale,Logaritmo,0
Sottrazione,Numero naturale,0
Numero reale,Retta,0
Dominio e codominio,Funzione costante,0
Divisione (matematica),Addizione,0
Seno (matematica),Equazione di secondo grado,0
Sezione conica,Fuoco (geometria),0
Cono,Iperbole (geometria),0
Sottrazione,Equazione,0
Funzione (matematica),Logaritmo naturale,0
Sottrazione,Addizione,0
Numero reale,Radice (matematica),0
Matematica,Teorema dei seni,0
Teorema binomiale,Coefficiente binomiale,0
Matrice,Determinante (algebra),0
Teorema di Pitagora,Perpendicolarità,0
Teorema binomiale,Numero reale,0
Potenza (matematica),Circonferenza unitaria,0
Polinomio,Teorema delle radici razionali,0
Teorema di Pitagora,Geometria,1
Moltiplicazione di matrici,Minore (algebra lineare),0
Ellisse,Geometria,1
Intervallo (matematica),Funzione definita a tratti,0
Grafico di una funzione,Polinomio,0
Perpendicolarità,Sistema di riferimento cartesiano,0
Numero complesso,Radicale (matematica),0
Disuguaglianza,Funzione (matematica),0
Numero,Complesso coniugato,0
Geometria analitica,Numero,1
Geometria,Secante (geometria),0
Moltiplicazione,Matrice elementare,0
Seno (matematica),Teorema di Pitagora,0
Valore assoluto,Numero reale,1
Teorema di Pitagora,Radice quadrata,0
Numeri pari e dispari,Quadrato (algebra),0
Numero reale,Circonferenza unitaria,0
Teorema delle radici razionali,Polinomio,1
Sottrazione,Numero negativo,0
Numero intero,Seno (matematica),0
Equazione di secondo grado,Risoluzione di un'equazione,0
Funzione iniettiva,Funzione inversa,0
Funzione (matematica),Funzione inversa,0
Fuoco (geometria),Geometria,1
Poligono,Punto (geometria),1
Funzione (matematica),Logaritmo,0
Radice quadrata,Insieme,0
Retta,Cono,0
Campo vettoriale,Sistema di coordinate,0
Funzione inversa,Funzione (matematica),1
Secante (geometria),Intervallo (matematica),0
Uguaglianza (matematica),Identità (matematica),0
Numero negativo,Coefficiente angolare,0
Trigonometria,Seno (matematica),0
Triangolo rettangolo,Segmento,1
Minore (algebra lineare),Moltiplicazione di matrici,0
Numero intero,Criterio di Cartesio,0
Asintoto,Curva (matematica),1
Potenza (matematica),Numero,1
Logaritmo,Notazione scientifica,0
Razionalizzazione (matematica),Radicale (matematica),0
Circonferenza unitaria,Geometria,1
Perpendicolarità,Matematica,1
Retta,Fuoco (geometria),0
Teorema binomiale,Moltiplicazione,1
Grafico di una funzione,Numero complesso,0
Moltiplicazione,Aritmetica,1
Funzione definita a tratti,Funzione (matematica),1
Divisione (matematica),Sottrazione,0
Matematica,Operazione aritmetica,0
Spostamento (cinematica),Calcolo infinitesimale,0
Matematica,Punto (geometria),0
Radice quadrata,Numero,1
Funzione (matematica),Teorema di Pitagora,0
Logaritmo naturale,Logaritmo,1
Intervallo (matematica),Secante (geometria),0
Funzione costante,Coefficiente angolare,0
Potenza (matematica),Moltiplicazione,1
Posizione,Numero reale,0
Numero,Potenza (matematica),0
Numero razionale,Insieme,0
Retta,Parallelismo (geometria),0
Logaritmo,Numero naturale,0
Addizione,Equazione,0
Matrice identità,Matrice quadrata,1
Moltiplicazione,Teorema binomiale,0
Matematica,Funzione quadratica,0
Logaritmo,Aritmetica,1
Polinomio,Addizione,1
Matrice,Minore (algebra lineare),0
Numero reale,Insieme chiuso,0
Moltiplicazione,Numero complesso,0
Lavoro (fisica),Limite (matematica),0
Numero naturale,Numero negativo,0
Sistema di riferimento cartesiano,Radice quadrata,0
Matematica,Raggio (geometria),0
Sistema numerico binario,Numero,1
Limite (matematica),Numeri pari e dispari,0
Reciproco,Logaritmo,0
Matematica,Decomposizione in fratti semplici,0
Unione (insiemistica),Distributività,0
Seno (matematica),Funzione trigonometrica inversa,0
Numero reale,Distanza (matematica),0
Curva (matematica),Corda (geometria),0
Polinomio,Numero intero,1
Monomio,Decomposizione in fratti semplici,0
Moltiplicazione di matrici,Matrice elementare,0
Funzione inversa,Minore (algebra lineare),0
Numero complesso,Equazione lineare,0
Equazione,Sistema di coordinate,0
Matematica,Prodotto vettoriale,0
Numero reale,Limite di una successione,0
Geometria,Asintoto,0
Divisione dei polinomi,Numero primo,0
Settore circolare,Area,0
Matematica,Radice (matematica),0
Logaritmo,Radicale (matematica),0
Logaritmo,Numero complesso,0
Campo vettoriale,Moltiplicazione di matrici,0
Matematica,Dimostrazione matematica,0
Diagonale principale,Matrice quadrata,0
Perpendicolarità,Retta,1
Seno (matematica),Geometria,1
Quadrante (geometria analitica),Geometria,1
Numero,Quadrante (geometria analitica),0
Calcolo infinitesimale,Secante (geometria),0
Curva (matematica),Curva piana,0
Potenza (matematica),Polinomio,0
Crescita esponenziale,Logaritmo,0
Moltiplicazione,Commutatività,0
Diagonale principale,Matrice elementare,0
Somma vuota,Numero,1
Grafico di una funzione,Funzione (matematica),1
Insieme vuoto,Insieme chiuso,0
Numero reale,Sottrazione,0
Insieme aperto,Funzione (matematica),0
Raggio (geometria),Geometria,1
Raggio (geometria),Segmento,1
Logaritmo naturale,Potenza (matematica),1
Circonferenza unitaria,Teorema di Pitagora,0
Vettore (matematica),Geometria,0
Radice (matematica),Polinomio,0
Aritmetica,Moltiplicazione di matrici,0
Corda (geometria),Curva (matematica),1
Punto (geometria),Triangolo rettangolo,0
Diagonale principale,Determinante (algebra),0
Curva (matematica),Asintoto,0
Limite (matematica),Infinito (matematica),0
Numero intero,Logaritmo,0
Equazione,Equazione di secondo grado,0
Serie geometrica,Area,0
Ellisse,Cono,0
Cilindro (geometria),Segmento,0
Equazione,Moltiplicazione,0
Sistema di coordinate,Matematica,1
Matematica,Teorema delle radici razionali,0
Geometria,Lunghezza,0
Matrice elementare,Matrice,1
Equazione algebrica,Equazione,1
Calcolo infinitesimale,Limite (matematica),0
Trigonometria,Funzione trigonometrica,0
Numero reale,Funzione (matematica),0
Addizione,Potenza (matematica),0
Sistema di equazioni,Uguaglianza (matematica),1
Geometria,Quadrante (geometria analitica),0
Funzione inversa,Funzione trigonometrica inversa,0
Onda sinusoidale,Ampiezza,0
Geometria analitica,Retta,1
Curva piana,Matematica,1
Unione (insiemistica),Insieme chiuso,0
Matrice elementare,Matrice identità,1
Dominio e codominio,Risoluzione di un'equazione,0
Divisione dei polinomi,Addizione,1
Intervallo (matematica),Numero reale,0
Numero razionale,Polinomio,0
Moltiplicazione,Numero intero,0
Matematica,Grado d'arco,0
Retta,Perpendicolarità,0
Numero reale,Seno (matematica),0
Matrice identità,Matrice,1
Angolo retto,Matematica,1
Numero reale,Associatività,0
Logaritmo,Logaritmo naturale,0
Equazione di secondo grado,Numero complesso,0
Glossario della simbologia matematica,Matematica,1
Equazione lineare,Numero reale,0
Numero naturale,Divisione (matematica),0
Aritmetica,Formula,0
Circonferenza unitaria,Retta,1
Perpendicolarità,Fuoco (geometria),0
Radice (matematica),Grafico di una funzione,0
Retta,Equazione lineare,0
Radicale (matematica),Razionalizzazione (matematica),0
Sommatoria,Matematica,1
Calcolo infinitesimale,Lavoro (fisica),0
Angolo,Angolo retto,0
Teorema dei seni,Angolo,1
Numero razionale,Insieme chiuso,0
Sottrazione,Moltiplicazione,0
Commutatività,Divisione (matematica),0
Funzione (matematica),Radice quadrata,0
Matematica,Calcolo infinitesimale,0
Teorema dei seni,Circonferenza,0
Matrice elementare,Diagonale principale,1
Numero complesso,Intervallo (matematica),0
Numero razionale,E (costante matematica),0
Determinante (algebra),Matrice,1
Funzione costante,Matematica,1
Identità (matematica),Matematica,1
Matematica,Coefficiente angolare,0
Risoluzione di un'equazione,Numero complesso,0
Teorema di Pitagora,Matematica,1
Seno (matematica),Reciproco,0
Piano (geometria),Sistema di riferimento cartesiano,0
Geometria,Angolo,0
Angolo,Matematica,1
Numero,Numero reale,0
Seno (matematica),Numero complesso,0
Retta,Moto circolare,0
Distanza (matematica),Insieme,0
Intervallo (matematica),Polinomio,0
Geometria analitica,Sistema di coordinate,1
Fuoco (geometria),Iperbole (geometria),0
Matematica,Dominio e codominio,0
Serie geometrica,Matematica,1
Matematica,Funzione trigonometrica,0
Teorema di Pitagora,Numero complesso,0
Campo vettoriale,Forza,0
Commutatività,Composizione di funzioni,0
Teorema delle radici razionali,Aritmetica,1
Diagonale principale,Moltiplicazione di matrici,0
Matematica,Tavola trigonometrica,0
Matematica,Eccentricità (matematica),0
Intervallo (matematica),Insieme aperto,0
Moltiplicazione di matrici,Diagonale principale,0
Numero,Criterio di Cartesio,0
Ellisse,Retta,1
Seno (matematica),Identità (matematica),0
Notazione scientifica,Moltiplicazione,0
Logaritmo,E (costante matematica),0
Radice (matematica),Geometria,0
Polinomio,Radicale (matematica),0
Circonferenza,Cono,0
Funzione trigonometrica inversa,Matematica,1
Base (algebra lineare),Numero,1
Sistema di coordinate,Numero,1
Matematica,Funzione cubica,0
Numero,Numero intero,0
Aritmetica,Coefficiente binomiale,0
Ampiezza,Forza,0
Equazione parametrica,Numero,1
Potenza (matematica),Logaritmo naturale,0
Numero complesso,Fattorizzazione,0
Circonferenza unitaria,Circonferenza,1
Teorema di Pitagora,Numero razionale,0
Numero naturale,Numero complesso,0
Distanza (matematica),Funzione (matematica),0
Logaritmo,Seno (matematica),0
Potenza (matematica),Composizione di funzioni,0
Numero,Numero negativo,0
Risoluzione di un'equazione,Matematica,1
Campo vettoriale,Immagine (matematica),0
Geometria,Edge,0
Matematica,Uguaglianza (matematica),0
Reciproco,Numero razionale,0
Radice (matematica),Dominio e codominio,1
Equazione di secondo grado,Funzione quadratica,0
Retta,Ellisse,0
Insieme aperto,Insieme vuoto,0
Equazione,Equazione algebrica,0
Radice quadrata,Algebra,1
Unione (insiemistica),Addizione,0
Divisione dei polinomi,Grafico di una funzione,0
Uguaglianza (matematica),Equazione lineare,0
Disuguaglianza,Numero intero,0
Sistema di coordinate,Quadrante (geometria analitica),0
Edge,Segmento,1
Rotazione (matematica),Geometria,1
Circonferenza unitaria,Matematica,1
Numero intero,Numero reale,0
Unione (insiemistica),Commutatività,0
Fattorizzazione,Matematica,1
Dominio e codominio,Sistema di riferimento cartesiano,0
Minore (algebra lineare),Determinante (algebra),1
Sistema di equazioni lineari,Geometria,1
Numero reale,Grafico di una funzione,0
Cono,Perpendicolarità,0
Geometria,Equazione,0
Funzione quadratica,Matematica,1
Sezione conica,Eccentricità (matematica),0
Circonferenza unitaria,Sistema di riferimento cartesiano,0
Identità (matematica),Funzione trigonometrica,0
Uguaglianza (matematica),Sistema di equazioni,0
Valore assoluto,Segno (matematica),1
Notazione scientifica,Sottrazione,0
Angolo,Geometria,1
Equazione di secondo grado,Uguaglianza (matematica),1
Fattorizzazione,Numero complesso,0
Logaritmo naturale,E (costante matematica),1
Numero razionale,Numero intero,0
Elemento inverso,Segno (matematica),1
Matematica,Mereologia,0
Potenza (matematica),Numero intero,0
Prodotto vettoriale,Matematica,1
Punto (geometria),Edge,0
Funzione cubica,Funzione (matematica),1
Settore circolare,Retta,1
Numero complesso,Logaritmo,0
Numero,Numeri pari e dispari,0
Geometria,Poligono,0
Numero naturale,Addizione,0
Matematica,Circonferenza,0
Geometria analitica,Angolo,1
Sistema di coordinate polari,Sistema di coordinate,1
Matematica,Formula,0
Quadrante (geometria analitica),Matematica,1
Polinomio,Aritmetica,1
Distributività,Divisione (matematica),0
Onda sinusoidale,Curva (matematica),1
Addizione,Funzioni pari e dispari,0
Numero,Sistema di riferimento cartesiano,0
Limite (matematica),Calcolo infinitesimale,1
Insieme,Insieme vuoto,0
Equazione,Risoluzione di un'equazione,0
Geometria analitica,Equazione,1
Triangolo rettangolo,Punto (geometria),1
Numero,Radicale (matematica),0
Moltiplicazione di matrici,Campo vettoriale,0
Reciproco,Divisione (matematica),1
Seno (matematica),Sistema di riferimento cartesiano,0
Numero negativo,Numero intero,0
Numero intero,Moltiplicazione,0
Geometria,Insieme chiuso,0
Moltiplicazione,Polinomio,0
Intervallo (matematica),Composizione di funzioni,0
Numero complesso,Divisione (matematica),0
Coefficiente angolare,Numero negativo,0
Numero reale,E (costante matematica),0
Numero complesso,Teorema fondamentale dell'algebra,0
Teorema delle radici razionali,Criterio di Cartesio,0
Formula,Aritmetica,0
Sottrazione,Aritmetica,1
Teorema fondamentale dell'algebra,Addizione,1
Composizione di funzioni,Numero naturale,0
Punto (geometria),Poligono,0
Coefficiente angolare,Matematica,1
Teorema delle radici razionali,Numero intero,1
Secante (geometria),Calcolo infinitesimale,0
Retta,Settore circolare,0
Numero reale,Numero razionale,0
Numero reale,Intervallo (matematica),0
E (costante matematica),Numero razionale,0
Teorema di Pitagora,Funzione (matematica),0
Parallelismo (geometria),Retta,1
Divisione (matematica),Notazione scientifica,0
Funzioni pari e dispari,Ampiezza,0
Numero intero,Teorema delle radici razionali,0
Sottrazione,Polinomio,0
Numero reale,Segno (matematica),0
Matematica,Rotazione (matematica),0
Polinomio,Intervallo (matematica),0
Equazione,Dominio e codominio,0
Addizione,Teorema delle radici razionali,0
Divisione per zero,Divisione (matematica),1
Matematica,Grafico di una funzione,0
Uguaglianza (matematica),Equazione algebrica,0
Notazione scientifica,Divisione (matematica),0
Risoluzione di un'equazione,Uguaglianza (matematica),1
Seno (matematica),Coefficiente angolare,0
Matematica,Edge,0
Matrice identità,Matrice elementare,0
Fattorizzazione,Numero,1
Grado d'arco,Settore circolare,0
Geometria,Vettore (matematica),0
Equazione,Geometria analitica,0
Dominio e codominio,Disuguaglianza,0
Sistema di coordinate,Sistema di riferimento cartesiano,0
Curva piana,Retta,1
Numero,Base (algebra lineare),0
Notazione scientifica,Logaritmo naturale,0
Distributività,Addizione,0
Matematica,Equazione differenziale,0
Teorema dei seni,Geometria,1
Distributività,Moltiplicazione,0
Ampiezza,Funzione periodica,0
Area,Geometria,0
Matematica,Fattorizzazione,0
Addizione,Numero reale,0
Numero reale,Sistema di equazioni lineari,0
Radice (matematica),Funzione costante,0
Funzione definita a tratti,Matematica,1
E (costante matematica),Numero complesso,0
Geometria,Curva (matematica),0
Logaritmo naturale,Notazione scientifica,0
Moltiplicazione,Teorema delle radici razionali,0
Equazione di secondo grado,Equazione,1
Circonferenza unitaria,Numero complesso,0
Cono,Area,0
Radice (matematica),Numero reale,0
Matematica,Moltiplicazione di matrici,0
Potenza (matematica),Numero razionale,0
Logaritmo,Numero intero,0
Grafico di una funzione,Geometria analitica,0
Cono,Geometria,1
Insieme,Numero complesso,0
Numero naturale,Numero reale,0
Matematica,Geometria analitica,0
Addizione,Divisione dei polinomi,0
Matrice quadrata,Determinante (algebra),0
Equazione di secondo grado,Seno (matematica),0
Angolo,Teorema dei seni,0
Coefficiente angolare,Grafico di una funzione,0
Numero complesso,Polinomio,0
Matematica,Sistema di coordinate polari,0
Poligono,Retta,1
Serie geometrica,Teorema di Pitagora,0
Numero,Moltiplicazione,0
Punto (geometria),Raggio (geometria),0
Numero naturale,Numero intero,0
Moto circolare,Circonferenza,1
Moltiplicazione,Minore (algebra lineare),0
Crescita esponenziale,Potenza (matematica),1
Notazione scientifica,Numero intero,0
Geometria,Segmento,0
Matematica,Curva (matematica),0
Matematica,Logaritmo naturale,0
Geometria,Geometria analitica,0
Uguaglianza (matematica),Teorema fondamentale dell'algebra,0
Geometria analitica,Piano (geometria),1
Crescita esponenziale,Moltiplicazione,1
Matematica,Segmento,0
Retta,Campo vettoriale,0
Sistema di coordinate,Campo vettoriale,0
Matematica,Sistema di equazioni,0
Equazione lineare,Numero complesso,0
Insieme,Distributività,0
Iperbole (geometria),Cono,0
Triangolo,Teorema dei seni,0
Curva (matematica),Matematica,1
Potenza (matematica),Insieme,0
Matematica,Corda (geometria),0
Matematica,Quadrato (algebra),0
Matrice,Moltiplicazione di matrici,0
Teorema delle radici razionali,Matematica,1
Funzioni pari e dispari,Numero reale,0
Numero,Sistema di equazioni,0
Retta,Teorema dei seni,0
Seno (matematica),Funzioni pari e dispari,0
Prodotto vettoriale,Moltiplicazione,1
Derivata,Secante (geometria),0
Moltiplicazione,Numero,1
Numero complesso,Numero reale,1
Numero,Somma vuota,0
Numero reale,Equazione lineare,0
Triangolo rettangolo,Angolo,1
Funzione (matematica),Disuguaglianza,0
Numero negativo,Sottrazione,0
Potenza (matematica),Notazione scientifica,0
Equazione di secondo grado,Decomposizione in fratti semplici,0
Equazione differenziale,Equazione,1
Divisione (matematica),Matematica,1
Eccentricità (matematica),Geometria,1
Insieme aperto,Insieme,1
Funzione definita a tratti,Massimo e minimo di una funzione,0
Seno (matematica),Potenza (matematica),0
Moltiplicazione,Notazione scientifica,0
Aritmetica,Teorema fondamentale dell'algebra,0
Derivata,Variabili dipendenti e indipendenti,0
Addizione,Funzione (matematica),0
Funzione quadratica,Grafico di una funzione,0
Risoluzione di un'equazione,Numero reale,0
Minore (algebra lineare),Moltiplicazione,0
Teorema delle radici razionali,Moltiplicazione,1
Coefficiente binomiale,Addizione,1
Angolo,Geometria analitica,0
Teorema delle radici razionali,Numero razionale,1
Teorema fondamentale dell'algebra,Numero,1
Serie,Serie geometrica,0
Insieme aperto,Intervallo (matematica),0
Teorema fondamentale dell'algebra,Algebra,1
Grafico di una funzione,Matematica,1
Iperbole (geometria),Geometria,0
Matematica,Secante (geometria),0
Numero complesso,Radice quadrata,0
Circonferenza,Sezione conica,0
Topologia prodotto,Matematica,1
Coefficiente angolare,Seno (matematica),0
Teorema dei seni,Retta,1
Equazione algebrica,Uguaglianza (matematica),1
Parallelismo (geometria),Matematica,1
Radice quadrata,Dominio e codominio,0
Composizione di funzioni,Intervallo (matematica),0
Geometria,Radice quadrata,0
Matematica,Circonferenza unitaria,0
Numero intero,Insieme,0
Sezione conica,Curva piana,0
Funzione (matematica),Funzione costante,0
E (costante matematica),Polinomio,0
Divisione (matematica),Numero razionale,0
Polinomio,Numero reale,0
Trigonometria,Teorema dei seni,0
Campo vettoriale,Geometria,0
Equazione lineare,Numero,1
Composizione di funzioni,Commutatività,0
Equazione,Numero intero,0
Numero complesso,Equazione,0
Numero naturale,Radice quadrata,0
Grado d'arco,Angolo,1
Intervallo (matematica),Numero complesso,0
Funzione razionale,Decomposizione in fratti semplici,0
Radice (matematica),Reciproco,0
Lunghezza,Geometria,0
Divisione (matematica),Polinomio,0
Numero reale,Logaritmo naturale,0
Numero complesso,Teorema di Pitagora,0
Funzione (matematica),Commutatività,0
Numero razionale,Potenza (matematica),0
Matematica,Immagine (matematica),0
Edge,Matematica,1
Distanza (matematica),Numero negativo,0
Radice (matematica),Matematica,1
Numero complesso,E (costante matematica),0
Divisione dei polinomi,Matematica,1
Numero intero,Intervallo (matematica),0
Notazione scientifica,Logaritmo,0
Sommatoria,Addizione,1
E (costante matematica),Logaritmo,0
Circonferenza,Sistema di coordinate,0
Matematica,Somma vuota,0
Polinomio,Numero razionale,0
Numeri pari e dispari,Dimostrazione matematica,0
Numero,Sistema numerico binario,0
Numero reale,Numero,1
Moltiplicazione,Addizione,0
Equazione,Polinomio,0
Addizione,Sommatoria,0
Base (algebra lineare),Algebra,1
Numero,Equazione parametrica,0
Funzioni pari e dispari,Dominio e codominio,0
Grafico di una funzione,Divisione dei polinomi,0
Settore circolare,Circonferenza,1
Angolo,Rettangolo,0
Numero,Distributività,0
Numero,Decomposizione in fratti semplici,0
Distributività,Numero reale,0
Dominio e codominio,Funzione trigonometrica inversa,0
Insieme,Insieme aperto,0
Aritmetica,Criterio di Cartesio,0
Calcolo infinitesimale,Matematica,1
Insieme chiuso,Unione (insiemistica),0
Quadrante (geometria analitica),Sistema di coordinate,1
Numero,Teorema delle radici razionali,0
Matrice quadrata,Matrice identità,0
Equazione di secondo grado,Geometria analitica,0
Criterio di Cartesio,Moltiplicazione,1
Polinomio,Potenza (matematica),0
Spostamento (cinematica),Retta,0
Divisione dei polinomi,Asintoto,0
Geometria,Seno (matematica),0
Risoluzione di un'equazione,Equazione di secondo grado,0
Sezione conica,Circonferenza,1
Sottrazione,Notazione scientifica,0
Equazione di secondo grado,Radicale (matematica),0
Moltiplicazione,Criterio di Cartesio,0
Monomio,Polinomio,0
Numero reale,Equazione di secondo grado,0
Geometria,Sezione conica,0
Radice quadrata,Teorema di Pitagora,0
Circonferenza,Secante (geometria),0
Divisione dei polinomi,Equazione di secondo grado,0
Risoluzione di un'equazione,Numero intero,0
Aritmetica,Polinomio,0
Curva (matematica),Circonferenza unitaria,0
Triangolo,Matematica,1
Aritmetica,Sommatoria,0
Risoluzione di un'equazione,Retta,0
Corda (geometria),Punto (geometria),1
Logaritmo naturale,Radice quadrata,0
Matematica,Equazione algebrica,0
Variabili dipendenti e indipendenti,Matematica,1
Fuoco (geometria),Matematica,1
Funzione (matematica),Potenza (matematica),0
Funzioni pari e dispari,Grafico di una funzione,0
Sistema di coordinate,Equazione,0
Equazione,Sistema di equazioni lineari,0
Numero intero,Numero negativo,0
Commutatività,Sottrazione,0
Diagonale principale,Matrice,1
Numero,Sistema di coordinate polari,0
Sommatoria,Numero,1
Derivata,Spostamento (cinematica),0
Moltiplicazione,Potenza (matematica),0
Poligono,Teorema dei seni,0
Fattorizzazione,Decomposizione in fratti semplici,0
Numero reale,Insieme vuoto,0
Area,Serie geometrica,0
Insieme vuoto,Insieme aperto,0
Minore (algebra lineare),Matrice,1
Matematica,Funzione definita a tratti,0
Circonferenza,Sistema di riferimento cartesiano,0
Logaritmo,Moltiplicazione,1
Risoluzione di un'equazione,Polinomio,0
Addizione,Numero naturale,0
Retta,Triangolo,0
Sottrazione,Numero intero,0
Numero reale,Teorema fondamentale dell'algebra,0
Teorema di Pitagora,Teorema dei seni,0
Forza,Lavoro (fisica),0
Geometria analitica,Intervallo (matematica),0
Aritmetica,Crescita esponenziale,0
Insieme,Risoluzione di un'equazione,0
Teorema di Pitagora,Circonferenza,0
Circonferenza unitaria,Numero reale,0
Insieme chiuso,Numero razionale,0
Moltiplicazione,Logaritmo,0
Numero razionale,Numero naturale,0
Numero,Logaritmo naturale,0
Matrice elementare,Determinante (algebra),0
Sottrazione,Numero complesso,0
Uguaglianza (matematica),Geometria analitica,0
Numero negativo,Disuguaglianza,0
Moltiplicazione,Moltiplicazione di matrici,0
Funzione (matematica),Equazione,0
Matrice,Matrice elementare,0
Funzione (matematica),Risoluzione di un'equazione,0
Curva (matematica),Sezione conica,0
Divisione (matematica),Numero intero,0
Numero negativo,Numero complesso,0
Immagine (matematica),Campo vettoriale,0
Associatività,Sottrazione,0
Cono,Circonferenza,1
Circonferenza,Numero razionale,0
Radice quadrata,Radicale (matematica),0
Segmento,Matematica,1
Funzione (matematica),Numero reale,0
Segmento,Raggio (geometria),0
Retta,Coefficiente angolare,0
Quadrato (algebra),Numero,1
Numero,Polo (analisi complessa),0
Numero complesso,Circonferenza unitaria,0
Numero complesso,Dominio e codominio,0
Moltiplicazione di matrici,Moltiplicazione,1
Calcolo infinitesimale,Spostamento (cinematica),0
Divisione dei polinomi,Fattorizzazione,0
Curva (matematica),Eccentricità (matematica),0
Insieme chiuso,Insieme aperto,0
Razionalizzazione (matematica),Numero complesso,0
Addizione,Decomposizione in fratti semplici,0
Coefficiente binomiale,Numero,1
Circonferenza unitaria,Potenza (matematica),0
Associatività,Unione (insiemistica),0
Matematica,Principio d'induzione,0
Funzione (matematica),Dominio e codominio,0
Grafico di una funzione,Funzioni pari e dispari,0
Funzione costante,Polinomio,0
Numero complesso,Grafico di una funzione,0
Geometria,Rettangolo,0
Risoluzione di un'equazione,Equazione lineare,0
Funzione razionale,Numero reale,0
Matematica,Teorema di Pitagora,0
Sistema di coordinate,Geometria analitica,0
Spostamento (cinematica),Derivata,0
Reciproco,Numero complesso,0
Logaritmo naturale,Numero,1
Quadrato (algebra),Numeri pari e dispari,0
Limite (matematica),Lavoro (fisica),0
Grafico di una funzione,Quadrante (geometria analitica),0
Raggio (geometria),Punto (geometria),1
Geometria,Sistema di equazioni lineari,0
Addizione,Numero intero,0
Insieme,Commutatività,0
Risoluzione di un'equazione,Numero razionale,0
Divisione dei polinomi,Teorema delle radici razionali,0
Spostamento (cinematica),Forza,0
Teorema di Pitagora,Serie geometrica,0
Matematica,Divisione per zero,0
Insieme,Potenza (matematica),0
Matematica,Funzione razionale,0
Sistema di coordinate,Sistema di coordinate polari,0
Numero reale,Equazione,0
Funzione trigonometrica,Identità (matematica),0
Numero reale,Reciproco,0
Divisione per zero,Matematica,1
Funzione trigonometrica inversa,Seno (matematica),1
Punto (geometria),Corda (geometria),0
Funzione trigonometrica inversa,Circonferenza unitaria,0
Equazione di secondo grado,Polinomio,0
Reciproco,Logaritmo naturale,0
Sistema di riferimento cartesiano,Numero,1
Insieme vuoto,Insieme,1
Circonferenza unitaria,Curva (matematica),1
Numero reale,Composizione di funzioni,0
Matematica,Piano complesso,0
Piano (geometria),Geometria,1
Coefficiente angolare,Funzione costante,0
Seno (matematica),Numero intero,0
Numero complesso,Sistema di riferimento cartesiano,0
Funzione iniettiva,Matematica,1
Numero,Teorema fondamentale dell'algebra,0
Aritmetica,Divisione dei polinomi,0
Polinomio,Radice (matematica),0
Numero negativo,Numero,1
Teorema fondamentale dell'algebra,Equazione,1
Aritmetica,Teorema binomiale,0
Poligono,Settore circolare,0
Sistema di riferimento cartesiano,Circonferenza,0
Decomposizione in fratti semplici,Polinomio,1
Moltiplicazione,Distributività,0
Geometria,Iperbole (geometria),0
Funzioni pari e dispari,Funzione (matematica),1
Numeri pari e dispari,Limite (matematica),0
Funzione (matematica),Addizione,0
Raggio (geometria),Matematica,1
Matematica,Identità (matematica),0
Funzione razionale,Divisione dei polinomi,0
Retta,Geometria,1
Divisione dei polinomi,Decomposizione in fratti semplici,0
Sezione conica,Retta,1
Funzione trigonometrica inversa,Funzione (matematica),1
Coefficiente angolare,Retta,1
Funzione quadratica,Polinomio,0
Equazione lineare,Retta,1
Funzione quadratica,Insieme vuoto,0
Geometria analitica,Geometria,1
Numero reale,Complesso coniugato,0
Massimo e minimo di una funzione,Numero reale,0
Logaritmo naturale,Matematica,1
Numero reale,Moltiplicazione,0
Disuguaglianza,Divisione (matematica),0
Asintoto,Divisione dei polinomi,0
Teorema fondamentale dell'algebra,Polinomio,1
Grafico di una funzione,Radice (matematica),0
Grafico di una funzione,Coefficiente angolare,0
Matrice elementare,Addizione,0
Logaritmo,Crescita esponenziale,0
Associatività,Insieme,0
Insieme aperto,Numero reale,0
Circonferenza,Teorema dei seni,0
Seno (matematica),Grafico di una funzione,0
Matematica,Ellisse,0
Cono,Curva (matematica),1
Unione (insiemistica),Insieme aperto,0
Divisione (matematica),Numero naturale,0
Composizione di funzioni,Potenza (matematica),0
Determinante (algebra),Campo vettoriale,0
Equazione di secondo grado,Matematica,1
Identità (matematica),Potenza (matematica),0
Simmetria,Funzioni pari e dispari,0
Numero complesso,Addizione,0
Numero intero,Polinomio,0
Equazione,Addizione,0
Sistema di riferimento cartesiano,Seno (matematica),0
Corda (geometria),Retta,1
Criterio di Cartesio,Polinomio,1
Numeri pari e dispari,Numero primo,0
Matematica,Numeri pari e dispari,0
Commutatività,Numero complesso,0
Segmento,Retta,1
Circonferenza,Retta,1
Distributività,Numero intero,0
Numero negativo,Numero naturale,0
Segmento,Corda (geometria),0
Dominio e codominio,Insieme aperto,0
Aritmetica,Moltiplicazione,0
Equazione differenziale,Uguaglianza (matematica),1
Addizione,Sottrazione,0
Serie geometrica,Serie,1
Identità (matematica),Logaritmo,0
Teorema dei seni,Poligono,1
Aritmetica,Prodotto vettoriale,0
Matematica,Composizione di funzioni,0
Equazione,Perpendicolarità,0
Quadrato (algebra),Radice quadrata,0
Polinomio,Equazione di secondo grado,0
Matematica,Intervallo (matematica),0
Numeri pari e dispari,Numero,0
Parallelismo (geometria),Geometria,1
Crescita esponenziale,Logaritmo naturale,0
Numero naturale,Numero,1
Matrice,Campo vettoriale,0
Uguaglianza (matematica),Teorema delle radici razionali,0
Derivata,Campo vettoriale,0
Numero,Numero naturale,0
Sistema di equazioni lineari,Retta,1
Dominio e codominio,Radice (matematica),0
Numero intero,Divisione (matematica),0
Radicale (matematica),Polinomio,0
Sistema di riferimento cartesiano,Potenza (matematica),0
Retta,Curva (matematica),0
Numero intero,Distributività,0
Geometria,Retta,0
Matematica,Campo vettoriale,0
Limite di una funzione,Matematica,1
Piano (geometria),Curva piana,0
Campo vettoriale,Matrice,0
Matrice quadrata,Diagonale principale,0
Radice (matematica),Funzione (matematica),1
Equazione lineare,Coefficiente angolare,0
Matrice identità,Diagonale principale,1
Matematica,Triangolo,0
Potenza (matematica),Matematica,1
Curva piana,Sezione conica,0
Intervallo (matematica),Geometria analitica,0
Principio d'induzione,Numero reale,0
Radice quadrata,Numero complesso,0
Numero,Equazione,0
Distanza (matematica),Sistema di riferimento cartesiano,0
Perpendicolarità,Equazione,0
Retta,Onda sinusoidale,0
Iperbole (geometria),Fuoco (geometria),0
Geometria analitica,Equazione di secondo grado,0
Numero complesso,Reciproco,0
Risoluzione di un'equazione,Insieme,0
Funzioni pari e dispari,Simmetria,0
Numero reale,Prodotto vettoriale,0
Logaritmo naturale,Crescita esponenziale,0
Triangolo,Angolo,1
Geometria analitica,Numero reale,0
Addizione,Geometria,0
Funzione (matematica),Numero intero,0
Matematica,Perpendicolarità,0
Equazione differenziale,Matematica,1
Coefficiente angolare,Secante (geometria),0
Moltiplicazione,Insieme vuoto,0
Commutatività,Funzione (matematica),0
Aritmetica,Numeri pari e dispari,0
Associatività,Numero reale,0
Polinomio,Equazione,0
Numero reale,Commutatività,0
Intervallo (matematica),Insieme,0
Segmento,Geometria,1
Circonferenza unitaria,Equazione,0
Secante (geometria),Retta,1
Coefficiente angolare,Geometria,1
Circonferenza,Funzione quadratica,0
Triangolo,Triangolo rettangolo,0
Sistema di equazioni,Numero,1
Matrice elementare,Moltiplicazione,0
Teorema delle radici razionali,Numero,1
Insieme aperto,Dominio e codominio,0
Matematica,Fuoco (geometria),0
Poligono,Geometria,1
Numero intero,Funzione (matematica),0
Geometria,Perpendicolarità,0
Sistema di equazioni,Matematica,1
Equazione lineare,Risoluzione di un'equazione,0
Moltiplicazione,Matematica,1
Tavola trigonometrica,Geometria,1
Logaritmo naturale,Equazione logistica,0
Matematica,Angolo retto,0
Composizione di funzioni,Dominio e codominio,0
Geometria,Ellisse,0
Disuguaglianza,Logaritmo naturale,0
Equazione,Numero razionale,0
Determinante (algebra),Numeri pari e dispari,0
Grado d'arco,Geometria,1
Numero reale,Risoluzione di un'equazione,0
Quadrato (algebra),Matematica,1
E (costante matematica),Logaritmo naturale,0
Uguaglianza (matematica),Equazione di secondo grado,0
Triangolo rettangolo,Matematica,1
Principio d'induzione,Matematica,1
Funzioni pari e dispari,Seno (matematica),0
Addizione,Radicale (matematica),0
Campo vettoriale,Matematica,0
Addizione,Aritmetica,1
Dominio e codominio,Equazione,0
Associatività,Divisione (matematica),0
Numero reale,Funzioni pari e dispari,0
Sistema di riferimento cartesiano,Numero reale,0
Polinomio,Coefficiente angolare,0
Cilindro (geometria),Retta,0
Reciproco,Disuguaglianza,0
Radice quadrata,Matematica,1
Teorema fondamentale dell'algebra,Numero primo,0
Matrice quadrata,Quadrato (algebra),0
Numero,Quadrato (algebra),0
Matrice,Matrice invertibile,0
Equazione,Equazione differenziale,0
Numero,Disuguaglianza,0
Numero reale,Numero negativo,0
Dimostrazione matematica,Numeri pari e dispari,0
Secante (geometria),Coefficiente angolare,0
Matematica,Glossario della simbologia matematica,0
Ampiezza,Onda sinusoidale,0
Cono,Ellisse,0
Numero,E (costante matematica),0
Addizione,Divisione (matematica),0
Sistema di riferimento cartesiano,Geometria,1
Poligono,Matematica,1
Unione (insiemistica),Associatività,0
Sistema di coordinate polari,Piano (geometria),1
Teorema fondamentale dell'algebra,Calcolo infinitesimale,0
Radicale (matematica),Equazione di secondo grado,0
Radice quadrata,Geometria,0
Angolo,Triangolo rettangolo,0
Numero complesso,Seno (matematica),0
Grafico di una funzione,Funzione quadratica,0
Seno (matematica),Onda sinusoidale,0
Curva (matematica),Retta,1
Sommatoria,Aritmetica,1
Numero naturale,Funzione (matematica),0
Teorema dei seni,Trigonometria,1
Sistema di riferimento cartesiano,Matematica,1
Numero reale,Numero naturale,0
Uguaglianza (matematica),Equazione parametrica,0
Numero reale,Insieme aperto,0
Moto circolare,Matematica,1
Circonferenza,Circonferenza unitaria,0
Numero intero,Sottrazione,0
Quadrante (geometria analitica),Numero,1
Ellisse,Curva (matematica),1
Divisione (matematica),Commutatività,0
Matematica,Equazione,0
Numero reale,Posizione,0
Numero naturale,Composizione di funzioni,0
Numero complesso,Identità (matematica),0
Numero complesso,Insieme,0
Equazione logistica,Logaritmo naturale,0
Numero primo,Teorema fondamentale dell'algebra,0
Numero intero,Numero razionale,0
Polinomio,Moltiplicazione,1
Numero intero,Teorema fondamentale dell'algebra,0
Angolo retto,Triangolo rettangolo,0
Matematica,Divisione (matematica),0
Matematica,Variabili dipendenti e indipendenti,0
Intervallo (matematica),Reciproco,0
Numero intero,Disuguaglianza,0
Distanza (matematica),Numero reale,0
Numeri pari e dispari,Matematica,1
Polinomio,Funzione quadratica,0
Disuguaglianza,Numero complesso,0
Moltiplicazione,Matrice identità,0
Distributività,Unione (insiemistica),0
Poligono,Triangolo,0
Numero,Sistema di coordinate,0
Logaritmo,Potenza (matematica),1
Triangolo,Geometria,1
Crescita esponenziale,Matematica,1
Teorema dei seni,Perpendicolarità,0
Funzione (matematica),Radice (matematica),0
Matematica,Triangolo rettangolo,0
Circonferenza,Curva (matematica),1
Teorema delle radici razionali,Addizione,1
Circonferenza,Eccentricità (matematica),0
Grado d'arco,Matematica,1
Insieme vuoto,Numero,0
Moltiplicazione,Logaritmo naturale,0
Matematica,Divisione dei polinomi,0
Numero intero,Notazione scientifica,0
Reciproco,Numero reale,0
Intervallo (matematica),Numero intero,0
Matematica,Funzione inversa,0
Coefficiente binomiale,Aritmetica,1
Geometria,Numero naturale,0
Minore (algebra lineare),Matrice identità,0
Immagine (matematica),Matematica,1
Addizione,Numeri pari e dispari,0
Geometria analitica,Equazione lineare,0
Ampiezza,Funzioni pari e dispari,0
Moto circolare,Curva (matematica),1
Matematica,Teorema binomiale,0
Teorema delle radici razionali,Uguaglianza (matematica),1
Numero,Prodotto scalare,0
Notazione scientifica,Addizione,0
Funzione (matematica),Funzione quadratica,0
Moltiplicazione,Prodotto vettoriale,0
Equazione di secondo grado,Numero razionale,0
Criterio di Cartesio,Teorema delle radici razionali,0
Lavoro (fisica),Calcolo infinitesimale,0
Sezione conica,Curva (matematica),1
Matematica,Sistema di riferimento cartesiano,0
Numeri pari e dispari,Divisione (matematica),0
Teorema binomiale,Aritmetica,1
Numero complesso,Logaritmo naturale,0
Matematica,Moto circolare,0
Geometria,Piano complesso,0
Numero,Geometria analitica,0
Disuguaglianza,Sottrazione,0
Equazione di secondo grado,Radice quadrata,0
Polinomio,Teorema fondamentale dell'algebra,0
Area,Teorema dei seni,0
Rotazione (matematica),Matematica,1
Perpendicolarità,Parallelismo (geometria),0
Numero primo,Numeri pari e dispari,0
Progressione geometrica,Geometria,0
Radicale (matematica),Logaritmo,0
Onda sinusoidale,Geometria,1
Sistema di equazioni,Equazione,1
Numero razionale,Numero negativo,0
E (costante matematica),Insieme,0
Numero intero,Numero,1
Numero reale,Criterio di Cartesio,0
Retta,Spostamento (cinematica),0
Teorema fondamentale dell'algebra,Aritmetica,1
Dominio e codominio,Funzioni pari e dispari,0
Numero reale,Addizione,0
Funzione (matematica),Matematica,1
Geometria,Area,0
Fattorizzazione,Numero reale,0
Matematica,Funzione (matematica),0
Numero reale,Logaritmo,0
Numero complesso,Polo (analisi complessa),0
Numero,Topologia prodotto,0
Prodotto vettoriale,Numero reale,0
Insieme,Funzione (matematica),0
Area,Settore circolare,0
Moltiplicazione,Teorema fondamentale dell'algebra,0
Logaritmo naturale,Disuguaglianza,0
Addizione,Polinomio,0
Matematica,Sottrazione,0
Segmento,Triangolo rettangolo,0
Matematica,Limite di una funzione,0
Somma vuota,Matematica,1
Retta,Poligono,0
Secante (geometria),Circonferenza,0
Numero intero,Coefficiente binomiale,0
Uguaglianza (matematica),Risoluzione di un'equazione,0
Somma vuota,Sommatoria,1
Curva (matematica),Onda sinusoidale,0
Curva piana,Curva (matematica),1
Logaritmo,Identità (matematica),0
Numero razionale,Teorema di Pitagora,0
Radicale (matematica),Radice quadrata,0
Potenza (matematica),Logaritmo,0
Logaritmo naturale,Numero complesso,0
Segno (matematica),Numero reale,0
Numero complesso,Potenza (matematica),0
Sistema di equazioni lineari,Equazione,1
Teorema delle radici razionali,Divisione dei polinomi,0
Composizione di funzioni,Polinomio,0
Eccentricità (matematica),Curva (matematica),1
Polinomio,Composizione di funzioni,0
Geometria,Campo vettoriale,0
Dominio e codominio,Composizione di funzioni,0
Infinito (matematica),Limite (matematica),0
Perpendicolarità,Cono,0
Numero naturale,Insieme vuoto,0
Simmetria,Geometria,0
Secante (geometria),Matematica,1
Divisione per zero,Aritmetica,1
Dominio e codominio,Numero complesso,0
Teorema dei seni,Teorema di Pitagora,0
Edge,Punto (geometria),1
Matrice quadrata,Matrice,1
Moltiplicazione di matrici,Aritmetica,1
Insieme,Numero razionale,0
Piano (geometria),Sistema di coordinate polari,0
Insieme,Intervallo (matematica),0
Commutatività,Moltiplicazione,0
Retta,Secante (geometria),0
Triangolo,Poligono,1
Determinante (algebra),Matrice quadrata,1
Secante (geometria),Geometria,1
Numero naturale,Potenza (matematica),0
Matematica,Serie geometrica,0
Numero naturale,Polinomio,0
Cono,Retta,1
Geometria,Corda (geometria),0
Matematica,Parallelismo (geometria),0
Polinomio,Coefficiente binomiale,0
Geometria,Piano (geometria),0
Teorema fondamentale dell'algebra,Moltiplicazione,1
Piano complesso,Geometria,1
Mereologia,Matematica,1
Aritmetica,Sottrazione,0
Numero intero,Radicale (matematica),0
Complesso coniugato,Numero complesso,1
Numero razionale,Numero complesso,0
Equazione lineare,Uguaglianza (matematica),1
Matematica,Equazione di secondo grado,0
Decomposizione in fratti semplici,Funzione razionale,0
Numeri pari e dispari,Determinante (algebra),0
Funzione periodica,Ampiezza,0
Addizione,Distributività,0
Funzione definita a tratti,Intervallo (matematica),0
Polinomio,E (costante matematica),0
Coefficiente angolare,Perpendicolarità,0
Reciproco,Intervallo (matematica),0
Disuguaglianza,Algebra,1
Criterio di Cartesio,Divisione dei polinomi,0
Radice quadrata,Numero reale,0
Numero intero,Addizione,0
Addizione,Associatività,0
Matrice identità,Moltiplicazione,0
Geometria analitica,Teorema di Pitagora,0
Potenza (matematica),Teorema fondamentale dell'algebra,0
E (costante matematica),Numero,1
Insieme chiuso,Numero reale,0
Circonferenza unitaria,Seno (matematica),0
Diagonale principale,Matrice identità,0
Numero razionale,Equazione,0
Polinomio,Grafico di una funzione,0
Funzione trigonometrica inversa,Reciproco,0
Numero,Sistema di equazioni lineari,0
Aritmetica,Divisione per zero,0
Perpendicolarità,Circonferenza,0
Teorema fondamentale dell'algebra,Potenza (matematica),0
Settore circolare,Curva (matematica),1
Unione (insiemistica),Numero intero,0
Funzioni pari e dispari,Addizione,0
Segno (matematica),Algebra,0
Retta,Risoluzione di un'equazione,0
Matematica,Coefficiente binomiale,0
Reciproco,Radice (matematica),0
Matematica,Limite (matematica),0
Divisione dei polinomi,Criterio di Cartesio,0
Moltiplicazione,Crescita esponenziale,0
Polinomio,Monomio,0
Funzione costante,Funzione (matematica),1
Equazione,Numero,1
Circonferenza,Settore circolare,0
Logaritmo naturale,Moltiplicazione,1
Numero reale,Teorema binomiale,0
Seno (matematica),Numero razionale,0
Numeri pari e dispari,Aritmetica,0
Crescita esponenziale,Aritmetica,1
Funzione razionale,Matematica,1
Geometria analitica,Coefficiente angolare,0
Sistema di riferimento cartesiano,Circonferenza unitaria,0
Funzione trigonometrica inversa,Funzione trigonometrica,1
Fattorizzazione,Aritmetica,1
Sottrazione,Commutatività,0
Eccentricità (matematica),Cono,1
Divisione (matematica),Numero complesso,0
Polinomio,Sottrazione,0
Divisione (matematica),Associatività,0
Moltiplicazione,Topologia prodotto,0
Funzione trigonometrica inversa,Radice quadrata,0
Decomposizione in fratti semplici,Numero reale,0
Teorema fondamentale dell'algebra,Matrice,0
Teorema binomiale,Numero intero,1
Equazione di secondo grado,Numero reale,0
Moltiplicazione di matrici,Numero,1
Decomposizione in fratti semplici,Numero,1
Funzione razionale,Numero complesso,0
Funzione periodica,Funzione (matematica),1
Sistema di riferimento cartesiano,Distanza (matematica),1
Equazione,Teorema fondamentale dell'algebra,0
Numero negativo,Distanza (matematica),0
Numero razionale,Radice quadrata,0
Funzione (matematica),Funzione monotona,0
Retta,Numero reale,0
Potenza (matematica),Sistema di riferimento cartesiano,0
Quadrato (algebra),Algebra,1
Geometria,Rotazione (matematica),0
Matematica,Simmetria,0
Teorema binomiale,Matematica,1
Triangolo rettangolo,Geometria,1
Numero,Divisione per zero,0
Numero,Valore assoluto,0
Prodotto scalare,Matematica,1
Divisione (matematica),Distributività,0
Coefficiente binomiale,Teorema binomiale,1
Potenza (matematica),Seno (matematica),0
Radice quadrata,Razionalizzazione (matematica),0
Numero complesso,Risoluzione di un'equazione,0
Tavola trigonometrica,Trigonometria,1
E (costante matematica),Reciproco,0
Logaritmo naturale,Numero reale,0
Funzione razionale,Funzione (matematica),1
Piano complesso,Matematica,1
Geometria analitica,Matematica,1
Radice quadrata,Funzione trigonometrica inversa,0
Teorema fondamentale dell'algebra,Numero reale,1
Notazione scientifica,E (costante matematica),0
Coefficiente binomiale,Polinomio,1
Radice quadrata,Sistema di riferimento cartesiano,0
Insieme,Numero naturale,0
Numero intero,Potenza (matematica),0
Polinomio,Divisione (matematica),0
Asintoto,Curva piana,0
Criterio di Cartesio,Numero reale,0
Analisi matematica,Matematica,1
Coefficiente binomiale,Matematica,1
Radice quadrata,Quadrato (algebra),1
Moltiplicazione,Disuguaglianza,0
Grafico di una funzione,Seno (matematica),0
Radice (matematica),Equazione,0
Polo (analisi complessa),Numero complesso,1
Numero complesso,Numero razionale,0
Risoluzione di un'equazione,Insieme vuoto,0
Radice quadrata,Logaritmo naturale,0
Tavola trigonometrica,Matematica,1
Teorema di Pitagora,Circonferenza unitaria,0
Equazione lineare,Sistema di equazioni lineari,0
Addizione,Unione (insiemistica),0
Segmento,Cilindro (geometria),0
Funzione trigonometrica,Teorema dei seni,0
Forza,Campo vettoriale,0
Numero,Radice quadrata,0
Funzione trigonometrica,Geometria,1
Funzione costante,Dominio e codominio,0
Funzione quadratica,Equazione di secondo grado,0
Insieme vuoto,Risoluzione di un'equazione,0
Numero intero,Numero naturale,0
Numero reale,Divisione (matematica),0
Distanza (matematica),Geometria,0
Logaritmo,Risoluzione di un'equazione,0
Aritmetica,Reciproco,0
Limite (matematica),Limite di una funzione,0
Numero intero,Unione (insiemistica),0
Reciproco,Funzione (matematica),0
Piano complesso,Piano (geometria),1
Intervallo (matematica),Disuguaglianza,0
Matematica,Risoluzione di un'equazione,0
Risoluzione di un'equazione,Equazione,1
Numero razionale,Numero reale,0
Polinomio,Risoluzione di un'equazione,0
Insieme,Radice quadrata,0
Equazione di secondo grado,Numero,1
Commutatività,Insieme,0
Sistema di riferimento cartesiano,Perpendicolarità,1
Numero,Reciproco,0
Funzioni pari e dispari,Moltiplicazione,0
Equazione,Numero reale,0
Associatività,Addizione,0
Numero razionale,Insieme aperto,0
Valore assoluto,Numero,1
Distanza (matematica),Teorema di Pitagora,0
Dominio e codominio,Funzione (matematica),1
Numero reale,Radice quadrata,0
Radice quadrata,Numero naturale,0
Numero razionale,Equazione di secondo grado,0
Associatività,Potenza (matematica),0
Numero razionale,Risoluzione di un'equazione,0
Seno (matematica),Numero reale,0
Radice quadrata,Numero razionale,0
Risoluzione di un'equazione,Radicale (matematica),0
Geometria,Funzione trigonometrica,0
Moltiplicazione,Equazione,0
Funzione trigonometrica inversa,Teorema di Pitagora,0
Circonferenza unitaria,Funzione trigonometrica inversa,0
Numero reale,Distributività,0
Polinomio,Numero complesso,0
Geometria,Cilindro (geometria),0
Retta,Sezione conica,0
Numero,Numero razionale,0
Numero reale,Valore assoluto,0
Minore (algebra lineare),Funzione inversa,0
Notazione scientifica,Numeri pari e dispari,0
Intervallo (matematica),Insieme chiuso,0
Corda (geometria),Matematica,1
Intervallo (matematica),Insieme vuoto,0
Curva piana,Piano (geometria),1
Equazione,Retta,0
Reciproco,Seno (matematica),0
Funzione iniettiva,Massimo e minimo di una funzione,0
Determinante (algebra),Diagonale principale,0
Equazione,Numero complesso,0
Radicale (matematica),Numero,0
Radice quadrata,Funzione quadratica,0
Numero,Sommatoria,0
Radicale (matematica),Numero intero,0
Insieme chiuso,Geometria,0
Distributività,Numero,0
Matematica,Crescita esponenziale,0
Variabili dipendenti e indipendenti,Derivata,0
Matrice identità,Minore (algebra lineare),0
Sottrazione,Disuguaglianza,0
Segno (matematica),Elemento inverso,0
Potenza (matematica),Funzione (matematica),0
Risoluzione di un'equazione,Funzione (matematica),0
Onda sinusoidale,Seno (matematica),1
Geometria,Radice (matematica),0
Matematica,Retta,0
Equazione,Circonferenza unitaria,0
Funzione quadratica,Radice quadrata,0
Limite di una successione,Numero reale,0
Teorema fondamentale dell'algebra,Numero intero,1
Quadrante (geometria analitica),Grafico di una funzione,0
Numero reale,Dominio e codominio,0
Forza,Ampiezza,0
Funzione (matematica),Funzione trigonometrica inversa,0
Criterio di Cartesio,Matematica,1
Decomposizione in fratti semplici,Monomio,0
Numero complesso,Equazione di secondo grado,0
Coefficiente binomiale,Numero intero,1
Numero complesso,Funzione trigonometrica inversa,0
Grafico di una funzione,Numero reale,0
Disuguaglianza,Reciproco,0
Parallelismo (geometria),Coefficiente angolare,0
Insieme aperto,Insieme chiuso,0
Numero reale,Geometria analitica,0
Divisione (matematica),Matrice elementare,0
Dominio e codominio,Matematica,1
Topologia prodotto,Moltiplicazione,1
Numero reale,Campo vettoriale,0
Funzione (matematica),Reciproco,0
Intervallo (matematica),Matematica,1
Funzione (matematica),Insieme aperto,0
Funzione (matematica),Funzione continua,0
Disuguaglianza,Addizione,0
Matematica,Angolo,0
Operazione aritmetica,Matematica,1
Numero reale,Massimo e minimo di una funzione,0
Teorema binomiale,Polinomio,1
Piano (geometria),Matematica,1
Sistema di riferimento cartesiano,Grafico di una funzione,0
Coefficiente binomiale,Numero reale,0
Divisione (matematica),Disuguaglianza,0
E (costante matematica),Notazione scientifica,0
Numero reale,Funzione razionale,0
Numero razionale,Divisione (matematica),0
Funzione continua,Funzione (matematica),1
Distributività,Insieme,0
Circonferenza,Corda (geometria),0
Algebra,Radice quadrata,0
Segmento,Fuoco (geometria),0
Sezione conica,Geometria,1
Polo (analisi complessa),Numero reale,1
Edge,Geometria,1
Circonferenza,Moto circolare,0
Prodotto scalare,Numero,1
Risoluzione di un'equazione,Logaritmo,0
Massimo e minimo di una funzione,Funzione definita a tratti,0
Numero complesso,Retta,0
Retta,Sistema di equazioni lineari,0
Potenza (matematica),Associatività,0
Matematica,Prodotto scalare,0
Matrice,Teorema fondamentale dell'algebra,0
Teorema di Pitagora,Seno (matematica),0
Edge,Retta,1
Retta,Edge,0
Geometria,Distanza (matematica),0
Numero,Insieme vuoto,0
Numero intero,Teorema binomiale,0
Numero reale,Polo (analisi complessa),0
Geometria,Circonferenza unitaria,0
Moltiplicazione di matrici,Matrice,1
Divisione (matematica),Divisione dei polinomi,0
Campo vettoriale,Numero reale,0
Circonferenza,Matematica,1
Divisione dei polinomi,Funzione razionale,0
Polinomio,Decomposizione in fratti semplici,0
Geometria,Teorema di Pitagora,0
Algebra,Base (algebra lineare),0
Calcolo infinitesimale,Teorema fondamentale dell'algebra,0
Geometria,Eccentricità (matematica),0
Insieme vuoto,Numero reale,0
Numero razionale,Teorema delle radici razionali,0
Decomposizione in fratti semplici,Divisione (matematica),1
Uguaglianza (matematica),Equazione differenziale,0
Funzione (matematica),Funzione cubica,0
Uguaglianza (matematica),Matematica,1
Moltiplicazione,Numero reale,0
Divisione (matematica),Numero reale,0
Corda (geometria),Segmento,1
Algebra,Quadrato (algebra),0
Complesso coniugato,Numero,1
Divisione dei polinomi,Aritmetica,1
Circonferenza,Perpendicolarità,0
Angolo,Triangolo,0
Teorema dei seni,Area,0
Logaritmo,Funzione (matematica),0
Eccentricità (matematica),Sezione conica,1
Matematica,Funzione costante,0
Cilindro (geometria),Geometria,1
Grafico di una funzione,Equazione lineare,0
Teorema di Pitagora,Distanza (matematica),0
Complesso coniugato,Numero reale,1
Decomposizione in fratti semplici,Divisione dei polinomi,0
Polinomio,Criterio di Cartesio,0
Punto (geometria),Segmento,0
Sistema di riferimento cartesiano,Equazione,0
Algebra,Teorema fondamentale dell'algebra,0
Determinante (algebra),Matrice elementare,0
Campo vettoriale,Retta,0
Retta,Segmento,0
Numero razionale,Circonferenza,0
Numero naturale,Numero razionale,0
Divisione (matematica),Equazione,0
Matematica,Sommatoria,0
Equazione,Circonferenza,0
Radice quadrata,Funzione (matematica),0
Dominio e codominio,Numero reale,0
Divisione (matematica),Reciproco,0
Retta,Circonferenza unitaria,0
Insieme,Insieme chiuso,0
Teorema di Pitagora,Geometria analitica,0
Decomposizione in fratti semplici,Equazione di secondo grado,0
Punto (geometria),Matematica,1
Matematica,Trigonometria,0
Segmento,Punto (geometria),1
Sottrazione,Numero,1
Insieme vuoto,Moltiplicazione,0
Seno (matematica),Circonferenza unitaria,0
Sistema di coordinate polari,Matematica,1
Equazione,Divisione (matematica),0
Funzione trigonometrica,Matematica,1
Curva (matematica),Cono,0
Piano (geometria),Geometria analitica,0
Risoluzione di un'equazione,Dominio e codominio,0
Quadrato (algebra),Matrice quadrata,0
Geometria,Teorema dei seni,0
Equazione di secondo grado,Grafico di una funzione,0
Onda sinusoidale,Retta,1
Equazione,Radice (matematica),0
Cono,Sezione conica,0
Retta,Curva piana,0
Perpendicolarità,Teorema dei seni,0
Numero negativo,Equazione di secondo grado,0
Matematica,Poligono,0
Geometria,Sistema di riferimento cartesiano,0
Triangolo,Segmento,1
Numero intero,Risoluzione di un'equazione,0
Rettangolo,Angolo,1
Addizione,Matrice elementare,0
Funzione (matematica),Insieme vuoto,0
Retta,Cilindro (geometria),0
Moltiplicazione,Numero naturale,0
Polinomio,Funzione costante,0
Addizione,Notazione scientifica,0
Retta,Geometria analitica,0
Numero primo,Divisione dei polinomi,0
Potenza (matematica),Radicale (matematica),0
Funzione trigonometrica inversa,Dominio e codominio,0
Disuguaglianza,Moltiplicazione,0
Teorema binomiale,Numero,1
Equazione di secondo grado,Divisione dei polinomi,0
Insieme,E (costante matematica),0
Secante (geometria),Derivata,0
Seno (matematica),Logaritmo,0
Matematica,Funzione iniettiva,0
Equazione algebrica,Matematica,1
Funzioni pari e dispari,Divisione (matematica),0
Settore circolare,Grado d'arco,0
Radicale (matematica),Potenza (matematica),0
Moltiplicazione,Funzioni pari e dispari,0
Sistema di riferimento cartesiano,Piano (geometria),1
Numero negativo,Numero razionale,0
Segmento,Triangolo,0
Geometria,Parallelismo (geometria),0
Segmento,Edge,0
Dimostrazione matematica,Numero reale,0
Numero complesso,Sottrazione,0
Funzione monotona,Funzione (matematica),1
Coefficiente angolare,Polinomio,0
Numero reale,Decomposizione in fratti semplici,0
Limite di una funzione,Limite (matematica),1
Equazione,Sistema di riferimento cartesiano,0
Fuoco (geometria),Sezione conica,0
Topologia prodotto,Numero,1
Disuguaglianza,Numero,1
Potenza (matematica),Numero naturale,0
Insieme chiuso,Insieme vuoto,0
Radicale (matematica),Risoluzione di un'equazione,0
Retta,Equazione,0
Numero,Fattorizzazione,0
Numero negativo,Potenza (matematica),0
Funzione quadratica,Funzione (matematica),1
Algebra,Disuguaglianza,0
Equazione parametrica,Uguaglianza (matematica),1
Funzione costante,Radice (matematica),0
Teorema fondamentale dell'algebra,Numero complesso,1
Identità (matematica),Numero complesso,0
Decomposizione in fratti semplici,Numero intero,1
Campo vettoriale,Determinante (algebra),0
Numero reale,Polinomio,0
Sistema di equazioni lineari,Numero reale,0
Numero reale,Principio d'induzione,0
Numero naturale,Sottrazione,0
Parallelismo (geometria),Perpendicolarità,0
Curva (matematica),Circonferenza,0
Equazione,Funzione (matematica),0
Sottrazione,Divisione (matematica),0
Insieme,Distanza (matematica),0
Equazione di secondo grado,Numero negativo,0
Matrice elementare,Moltiplicazione di matrici,0
Sezione conica,Cono,1
Potenza (matematica),Crescita esponenziale,0
Ellisse,Matematica,1
Addizione,Numero complesso,0
Coefficiente angolare,Geometria analitica,0
Numero reale,Coefficiente binomiale,0
Equazione,Sottrazione,0
Decomposizione in fratti semplici,Fattorizzazione,1
Geometria,Coefficiente angolare,0
Coefficiente angolare,Parallelismo (geometria),0
Matrice elementare,Divisione (matematica),0
Determinante (algebra),Minore (algebra lineare),0
Numero reale,Numero complesso,0
Teorema dei seni,Triangolo,1
Grafico di una funzione,Equazione di secondo grado,0
Curva (matematica),Settore circolare,0
Insieme vuoto,Numero naturale,0
Trigonometria,Matematica,1
Spostamento (cinematica),Ampiezza,0
Teorema fondamentale dell'algebra,Uguaglianza (matematica),1
Numero razionale,Reciproco,0
Retta,Corda (geometria),0
Trigonometria,Tavola trigonometrica,0
Funzione trigonometrica,Trigonometria,1
Matematica,Quadrante (geometria analitica),0
Aritmetica,Addizione,0
Numero naturale,Insieme,0
Numero complesso,Commutatività,0
Criterio di Cartesio,Numero,1
Equazione lineare,Geometria analitica,0
Sistema di equazioni lineari,Numero,1
Fattorizzazione,Divisione dei polinomi,0
Divisione per zero,Numero,1
Matrice,Diagonale principale,0
Triangolo rettangolo,Angolo retto,1
Disuguaglianza,Intervallo (matematica),0
Limite (matematica),Matematica,1
Insieme vuoto,Funzione quadratica,0
Reciproco,E (costante matematica),0
Equazione,Matematica,1
Radicale (matematica),Numero complesso,0
Funzione inversa,Matematica,1
Geometria analitica,Distanza (matematica),1
Matrice invertibile,Matrice,1
Funzione (matematica),Funzione periodica,0
Dimostrazione matematica,Matematica,1
Funzione (matematica),Grafico di una funzione,0
Forza,Spostamento (cinematica),0
Numero complesso,Complesso coniugato,0
Insieme,Numero intero,0
Circonferenza,Equazione,0
Rettangolo,Geometria,1
Geometria,Fuoco (geometria),0
Eccentricità (matematica),Circonferenza,1
Teorema dei seni,Matematica,1
Sistema di coordinate,Circonferenza,0
Teorema delle radici razionali,Risoluzione di un'equazione,1
Radicale (matematica),Addizione,0
Moto circolare,Retta,1
Funzione (matematica),Immagine (matematica),0
Moltiplicazione di matrici,Matematica,1
Campo vettoriale,Derivata,0
Decomposizione in fratti semplici,Addizione,1
Logaritmo,Addizione,0
Curva (matematica),Ellisse,0
Numero reale,Fattorizzazione,0
Angolo,Grado d'arco,0
Logaritmo naturale,Reciproco,0
Matematica,Criterio di Cartesio,0
Potenza (matematica),Addizione,0
Sottrazione,Associatività,0
Insieme vuoto,Intervallo (matematica),0
Matematica,Curva piana,0
Fuoco (geometria),Perpendicolarità,0
Polo (analisi complessa),Numero,1
Sistema di riferimento cartesiano,Dominio e codominio,0
Divisione (matematica),Funzioni pari e dispari,0
Numero complesso,Numero naturale,0
Risoluzione di un'equazione,Teorema delle radici razionali,0
Reciproco,Funzione trigonometrica inversa,0
Numero,Sottrazione,0
Retta,Matematica,1
Insieme vuoto,Funzione (matematica),0
Immagine (matematica),Funzione (matematica),1
Addizione,Coefficiente binomiale,0
Sottrazione,Numero reale,0
Funzione trigonometrica inversa,Numero complesso,0
Aritmetica,Fattorizzazione,0
Funzione (matematica),Funzione razionale,0
Teorema dei seni,Funzione trigonometrica,0
Composizione di funzioni,Funzione (matematica),1
Retta,Circonferenza,0
Insieme aperto,Unione (insiemistica),0
Geometria,Raggio (geometria),0
Reciproco,Numero,1
Numero intero,Divisione dei polinomi,0
Cono,Eccentricità (matematica),0
Geometria,Simmetria,0
Area,Cono,0
Addizione,Moltiplicazione,0
Retta,Numero complesso,0
Matematica,Funzione trigonometrica inversa,0
Divisione dei polinomi,Numero intero,1
Perpendicolarità,Teorema di Pitagora,0
Disuguaglianza,Numero negativo,0
Numero razionale,Seno (matematica),0
Perpendicolarità,Coefficiente angolare,0
Divisione dei polinomi,Divisione (matematica),1
Insieme,Associatività,0
Numero,Equazione lineare,0
Geometria,Addizione,0
Circonferenza,Teorema di Pitagora,0
Commutatività,Numero reale,0
Potenza (matematica),Numero negativo,0
Numero reale,Dimostrazione matematica,0
Identità (matematica),Seno (matematica),0
Equazione lineare,Grafico di una funzione,0
Numeri pari e dispari,Limite di una successione,0
Polinomio,Teorema binomiale,0
Matematica,Topologia prodotto,0
Geometria,Tavola trigonometrica,0
Divisione (matematica),Aritmetica,1
Funzione cubica,Matematica,1
Sistema di coordinate polari,Numero,1
Segno (matematica),Valore assoluto,0
Numero reale,Sistema di riferimento cartesiano,0
Equazione,Geometria,0
Matematica,Moltiplicazione,0
Numero razionale,Numero,1
Limite di una successione,Numeri pari e dispari,0
Onda sinusoidale,Trigonometria,1
Addizione,Disuguaglianza,0
Numero complesso,Numero negativo,0
Radice quadrata,Equazione di secondo grado,0
Numero reale,Numero intero,0
Addizione,Logaritmo,0
Curva (matematica),Moto circolare,0
Funzione inversa,Funzione iniettiva,0
Grafico di una funzione,Sistema di riferimento cartesiano,0
Perpendicolarità,Geometria analitica,0
Polinomio,Numero naturale,0
Geometria,Grado d'arco,0
Asintoto,Geometria,1
Settore circolare,Poligono,0
Geometria analitica,Perpendicolarità,1
Matematica,Radice quadrata,0
Funzione (matematica),Numero naturale,0
Numero intero,Decomposizione in fratti semplici,0
Matematica,Analisi matematica,0
Numero,Equazione di secondo grado,0
Moltiplicazione,Sottrazione,0
